player_name,total_runs,matches_played,balls_faced,strike_rate,wickets,balls_bowled,runs_conceded,economy,value_score,runs_per_match,wickets_per_match,simulated_cost_runs,runs_per_crore
Player_1,358,18,275,130.18,21,475,654,8.26,49.06,19.89,1.17,3.6,99.4
Player_10,471,16,336,140.18,29,478,668,8.38,74.75,29.44,1.81,4.7,100.2
Player_100,360,21,315,114.29,18,493,686,8.35,38.57,17.14,0.86,3.6,100.0
Player_101,592,22,412,143.69,17,504,652,7.76,46.23,26.91,0.77,5.9,100.3
Player_102,582,20,448,129.91,15,407,577,8.51,47.85,29.1,0.75,5.8,100.3
Player_103,707,28,502,140.84,20,558,786,8.45,43.11,25.25,0.71,7.1,99.6
Player_104,493,16,340,145.0,16,364,524,8.64,55.81,30.81,1.0,4.9,100.6
Player_105,863,26,585,147.52,20,439,558,7.63,52.42,33.19,0.77,8.6,100.3
Player_106,575,30,398,144.47,26,523,718,8.24,40.83,19.17,0.87,5.8,99.1
Player_107,496,23,384,129.17,16,405,613,9.08,38.96,21.57,0.7,5.0,99.2
Player_108,610,25,454,134.36,31,546,705,7.75,55.4,24.4,1.24,6.1,100.0
Player_109,437,20,336,130.06,24,480,665,8.31,51.85,21.85,1.2,4.4,99.3
Player_11,410,19,309,132.69,21,367,507,8.29,49.21,21.58,1.11,4.1,100.0
Player_110,797,31,570,139.82,18,534,757,8.51,40.23,25.71,0.58,8.0,99.6
Player_111,486,25,338,143.79,15,424,632,8.94,34.44,19.44,0.6,4.9,99.2
Player_112,480,17,331,145.02,15,352,468,7.98,50.29,28.24,0.88,4.8,100.0
Player_113,531,32,436,121.79,20,428,602,8.44,32.22,16.59,0.62,5.3,100.2
Player_114,570,24,429,132.87,30,635,824,7.79,55.0,23.75,1.25,5.7,100.0
Player_115,452,20,351,128.77,15,445,650,8.76,41.35,22.6,0.75,4.5,100.4
Player_116,551,20,419,131.5,20,489,739,9.07,52.55,27.55,1.0,5.5,100.2
Player_117,650,23,474,137.13,21,365,516,8.48,51.09,28.26,0.91,6.5,100.0
Player_118,442,16,352,125.57,22,599,860,8.61,62.0,27.62,1.38,4.4,100.5
Player_119,584,26,473,123.47,25,516,763,8.87,46.5,22.46,0.96,5.8,100.7
Player_12,301,17,251,119.92,9,339,513,9.08,30.94,17.71,0.53,3.0,100.3
Player_120,520,22,352,147.73,21,540,779,8.66,47.5,23.64,0.95,5.2,100.0
Player_121,647,26,520,124.42,13,415,618,8.93,37.38,24.88,0.5,6.5,99.5
Player_122,509,22,373,136.46,19,466,643,8.28,44.73,23.14,0.86,5.1,99.8
Player_123,743,31,518,143.44,33,663,884,8.0,50.58,23.97,1.06,7.4,100.4
Player_124,502,20,371,135.31,11,378,508,8.06,38.85,25.1,0.55,5.0,100.4
Player_125,437,23,331,132.02,13,375,557,8.91,33.13,19.0,0.57,4.4,99.3
Player_126,554,24,401,138.15,14,516,719,8.36,37.67,23.08,0.58,5.5,100.7
Player_127,624,21,435,143.45,17,526,744,8.49,49.95,29.71,0.81,6.2,100.6
Player_128,696,29,530,131.32,33,655,934,8.56,52.45,24.0,1.14,7.0,99.4
Player_129,638,29,483,132.09,11,357,522,8.77,31.48,22.0,0.38,6.4,99.7
Player_13,631,27,462,136.58,29,513,679,7.94,50.22,23.37,1.07,6.3,100.2
Player_130,463,23,349,132.66,13,361,524,8.71,34.26,20.13,0.57,4.6,100.7
Player_131,461,23,396,116.41,20,492,729,8.89,41.78,20.04,0.87,4.6,100.2
Player_132,543,26,386,140.67,16,329,424,7.73,36.27,20.88,0.62,5.4,100.6
Player_133,385,20,291,132.3,16,440,585,7.98,39.25,19.25,0.8,3.8,101.3
Player_134,331,17,302,109.6,16,467,641,8.24,43.0,19.47,0.94,3.3,100.3
Player_135,414,20,306,135.29,16,460,627,8.18,40.7,20.7,0.8,4.1,101.0
Player_136,612,24,455,134.51,20,582,811,8.36,46.33,25.5,0.83,6.1,100.3
Player_137,671,31,528,127.08,15,398,626,9.44,33.74,21.65,0.48,6.7,100.1
Player_138,604,26,483,125.05,8,374,533,8.55,30.92,23.23,0.31,6.0,100.7
Player_139,451,17,311,145.02,12,420,538,7.69,44.18,26.53,0.71,4.5,100.2
Player_14,466,20,340,137.06,14,378,550,8.73,40.8,23.3,0.7,4.7,99.1
Player_140,764,25,541,141.22,24,414,596,8.64,54.56,30.56,0.96,7.6,100.5
Player_141,958,37,695,137.84,18,458,593,7.77,38.05,25.89,0.49,9.6,99.8
Player_142,656,25,477,137.53,19,476,724,9.13,45.24,26.24,0.76,6.6,99.4
Player_143,623,21,397,156.93,13,530,651,7.37,45.14,29.67,0.62,6.2,100.5
Player_144,716,20,503,142.35,11,319,468,8.8,49.55,35.8,0.55,7.2,99.4
Player_145,780,25,563,138.54,24,509,673,7.93,55.2,31.2,0.96,7.8,100.0
Player_146,578,27,444,130.18,9,364,544,8.97,29.74,21.41,0.33,5.8,99.7
Player_147,285,20,229,124.45,31,567,782,8.28,53.0,14.25,1.55,2.8,101.8
Player_148,667,23,495,134.75,17,398,508,7.66,47.48,29.0,0.74,6.7,99.6
Player_149,378,21,291,129.9,9,324,474,8.78,28.71,18.0,0.43,3.8,99.5
Player_15,809,35,579,139.72,21,664,845,7.64,38.11,23.11,0.6,8.1,99.9
Player_150,755,29,572,131.99,11,347,486,8.4,35.52,26.03,0.38,7.6,99.3
Player_151,453,21,364,124.45,19,397,553,8.36,44.19,21.57,0.9,4.5,100.7
Player_152,690,32,513,134.5,10,333,464,8.36,29.38,21.56,0.31,6.9,100.0
Player_153,533,27,402,132.59,22,487,685,8.44,40.11,19.74,0.81,5.3,100.6
Player_154,680,23,442,153.85,12,369,517,8.41,42.61,29.57,0.52,6.8,100.0
Player_155,729,26,554,131.59,13,444,562,7.59,40.54,28.04,0.5,7.3,99.9
Player_156,888,36,587,151.28,19,430,521,7.27,37.86,24.67,0.53,8.9,99.8
Player_157,543,23,401,135.41,12,313,449,8.61,36.65,23.61,0.52,5.4,100.6
Player_158,669,27,493,135.7,11,350,497,8.52,34.96,24.78,0.41,6.7,99.9
Player_159,822,28,584,140.75,20,450,684,9.12,47.21,29.36,0.71,8.2,100.2
Player_16,720,24,505,142.57,14,363,500,8.26,44.58,30.0,0.58,7.2,100.0
Player_160,626,25,503,124.45,18,428,720,10.09,43.04,25.04,0.72,6.3,99.4
Player_161,471,18,356,132.3,21,503,677,8.08,55.33,26.17,1.17,4.7,100.2
Player_162,627,21,483,129.81,13,539,738,8.22,45.33,29.86,0.62,6.3,99.5
Player_163,589,26,394,149.49,12,419,627,8.98,34.19,22.65,0.46,5.9,99.8
Player_164,688,32,467,147.32,20,572,808,8.48,37.12,21.5,0.62,6.9,99.7
Player_165,898,32,633,141.86,13,368,501,8.17,38.22,28.06,0.41,9.0,99.8
Player_166,423,17,341,124.05,10,236,339,8.62,39.59,24.88,0.59,4.2,100.7
Player_167,515,21,386,133.42,22,478,701,8.8,50.71,24.52,1.05,5.2,99.0
Player_168,327,16,248,131.85,13,385,492,7.67,40.75,20.44,0.81,3.3,99.1
Player_169,548,20,384,142.71,14,319,457,8.6,44.9,27.4,0.7,5.5,99.6
Player_17,456,21,370,123.24,19,442,651,8.84,44.33,21.71,0.9,4.6,99.1
Player_170,567,29,449,126.28,17,387,560,8.68,34.21,19.55,0.59,5.7,99.5
Player_171,441,21,312,141.35,21,572,824,8.64,46.0,21.0,1.0,4.4,100.2
Player_172,533,24,394,135.28,17,388,555,8.58,39.92,22.21,0.71,5.3,100.6
Player_173,308,23,256,120.31,14,335,457,8.19,28.61,13.39,0.61,3.1,99.4
Player_174,443,27,339,130.68,16,410,555,8.12,31.22,16.41,0.59,4.4,100.7
Player_175,567,24,426,133.1,8,354,528,8.95,31.96,23.62,0.33,5.7,99.5
Player_176,726,24,526,138.02,17,513,706,8.26,47.96,30.25,0.71,7.3,99.5
Player_177,524,25,400,131.0,19,433,604,8.37,39.96,20.96,0.76,5.2,100.8
Player_178,330,17,267,123.6,14,406,620,9.16,40.0,19.41,0.82,3.3,100.0
Player_179,554,26,431,128.54,14,274,380,8.32,34.77,21.31,0.54,5.5,100.7
Player_18,674,32,531,126.93,16,475,587,7.41,33.56,21.06,0.5,6.7,100.6
Player_180,737,20,507,145.36,14,551,755,8.22,54.35,36.85,0.7,7.4,99.6
Player_181,282,16,250,112.8,4,291,467,9.63,23.88,17.62,0.25,2.8,100.7
Player_182,863,33,591,146.02,22,412,605,8.81,42.82,26.15,0.67,8.6,100.3
Player_183,771,28,575,134.09,22,547,787,8.63,47.18,27.54,0.79,7.7,100.1
Player_184,967,33,722,133.93,19,321,400,7.48,43.7,29.3,0.58,9.7,99.7
Player_185,584,26,443,131.83,6,292,418,8.59,28.23,22.46,0.23,5.8,100.7
Player_186,738,24,592,124.66,13,409,605,8.88,44.29,30.75,0.54,7.4,99.7
Player_187,567,25,416,136.3,17,412,572,8.33,39.68,22.68,0.68,5.7,99.5
Player_188,738,25,509,144.99,22,558,805,8.66,51.52,29.52,0.88,7.4,99.7
Player_189,673,26,498,135.14,7,343,520,9.1,32.62,25.88,0.27,6.7,100.4
Player_19,674,25,499,135.07,8,391,613,9.41,34.96,26.96,0.32,6.7,100.6
Player_190,623,39,490,127.14,16,541,732,8.12,26.23,15.97,0.41,6.2,100.5
Player_191,452,23,340,132.94,29,618,823,7.99,51.17,19.65,1.26,4.5,100.4
Player_192,460,16,345,133.33,16,515,702,8.18,53.75,28.75,1.0,4.6,100.0
Player_193,511,23,401,127.43,24,438,612,8.38,48.3,22.22,1.04,5.1,100.2
Player_194,659,32,441,149.43,11,316,418,7.94,29.19,20.59,0.34,6.6,99.8
Player_195,596,30,451,132.15,23,573,828,8.67,39.03,19.87,0.77,6.0,99.3
Player_196,488,26,391,124.81,16,373,460,7.4,34.15,18.77,0.62,4.9,99.6
Player_197,721,30,571,126.27,24,554,756,8.19,44.03,24.03,0.8,7.2,100.1
Player_198,839,33,628,133.6,19,523,652,7.48,39.82,25.42,0.58,8.4,99.9
Player_199,640,23,472,135.59,23,508,691,8.16,52.83,27.83,1.0,6.4,100.0
Player_2,632,28,485,130.31,29,466,668,8.6,48.46,22.57,1.04,6.3,100.3
Player_20,868,27,625,138.88,9,374,516,8.28,40.48,32.15,0.33,8.7,99.8
Player_200,449,24,358,125.42,17,451,680,9.05,36.42,18.71,0.71,4.5,99.8
Player_201,360,19,300,120.0,30,479,671,8.41,58.42,18.95,1.58,3.6,100.0
Player_202,682,31,524,130.15,21,371,556,8.99,38.94,22.0,0.68,6.8,100.3
Player_203,645,28,521,123.8,12,380,548,8.65,33.75,23.04,0.43,6.4,100.8
Player_204,662,28,493,134.28,21,387,519,8.05,42.39,23.64,0.75,6.6,100.3
Player_205,708,29,558,126.88,23,523,723,8.29,44.24,24.41,0.79,7.1,99.7
Player_206,664,24,483,137.47,27,557,780,8.4,55.79,27.67,1.12,6.6,100.6
Player_207,596,26,491,121.38,16,306,343,6.73,38.31,22.92,0.62,6.0,99.3
Player_208,419,22,286,146.5,9,286,418,8.77,29.27,19.05,0.41,4.2,99.8
Player_209,552,19,383,144.13,18,447,612,8.21,52.74,29.05,0.95,5.5,100.4
Player_21,763,29,533,143.15,14,391,483,7.41,38.38,26.31,0.48,7.6,100.4
Player_210,484,24,349,138.68,22,524,752,8.61,43.08,20.17,0.92,4.8,100.8
Player_211,659,26,517,127.47,27,625,986,9.47,51.31,25.35,1.04,6.6,99.8
Player_212,680,26,519,131.02,20,478,694,8.71,45.38,26.15,0.77,6.8,100.0
Player_213,546,23,390,140.0,19,461,673,8.76,44.39,23.74,0.83,5.5,99.3
Player_214,545,23,426,127.93,18,411,602,8.79,43.26,23.7,0.78,5.4,100.9
Player_215,675,22,517,130.56,14,324,432,8.0,46.59,30.68,0.64,6.8,99.3
Player_216,964,28,711,135.58,24,384,531,8.3,55.86,34.43,0.86,9.6,100.4
Player_217,488,22,369,132.25,15,474,654,8.28,39.23,22.18,0.68,4.9,99.6
Player_218,512,26,407,125.8,23,629,836,7.97,41.81,19.69,0.88,5.1,100.4
Player_219,612,23,473,129.39,23,479,695,8.71,51.61,26.61,1.0,6.1,100.3
Player_22,341,18,284,120.07,17,384,584,9.12,42.56,18.94,0.94,3.4,100.3
Player_220,727,27,540,134.63,17,255,293,6.89,42.67,26.93,0.63,7.3,99.6
Player_221,405,22,329,123.1,15,469,658,8.42,35.45,18.41,0.68,4.0,101.2
Player_222,453,23,348,130.17,9,351,482,8.24,29.48,19.7,0.39,4.5,100.7
Player_223,813,32,581,139.93,13,328,462,8.45,35.56,25.41,0.41,8.1,100.4
Player_224,505,21,355,142.25,16,363,495,8.18,43.1,24.05,0.76,5.0,101.0
Player_225,563,18,375,150.13,11,338,455,8.08,46.56,31.28,0.61,5.6,100.5
Player_226,533,30,386,138.08,15,453,635,8.41,30.27,17.77,0.5,5.3,100.6
Player_227,544,30,415,131.08,20,364,510,8.41,34.8,18.13,0.67,5.4,100.7
Player_228,671,28,498,134.74,19,460,616,8.03,40.93,23.96,0.68,6.7,100.1
Player_229,427,19,311,137.3,18,440,617,8.41,46.16,22.47,0.95,4.3,99.3
Player_23,438,19,366,119.67,22,397,543,8.21,52.0,23.05,1.16,4.4,99.5
Player_230,511,24,384,133.07,22,570,741,7.8,44.21,21.29,0.92,5.1,100.2
Player_231,597,24,478,124.9,18,580,850,8.79,43.62,24.88,0.75,6.0,99.5
Player_232,761,21,515,147.77,26,577,863,8.97,67.19,36.24,1.24,7.6,100.1
Player_233,798,35,630,126.67,13,403,485,7.22,32.09,22.8,0.37,8.0,99.8
Player_234,484,24,321,150.78,22,588,856,8.73,43.08,20.17,0.92,4.8,100.8
Player_235,470,22,350,134.29,15,351,491,8.39,38.41,21.36,0.68,4.7,100.0
Player_236,458,23,323,141.8,33,646,851,7.9,55.78,19.91,1.43,4.6,99.6
Player_237,613,31,448,136.83,10,376,494,7.88,27.84,19.77,0.32,6.1,100.5
Player_238,654,29,517,126.5,14,462,653,8.48,34.62,22.55,0.48,6.5,100.6
Player_239,401,22,305,131.48,20,479,640,8.02,40.95,18.23,0.91,4.0,100.2
Player_24,541,26,410,131.95,26,446,658,8.85,45.81,20.81,1.0,5.4,100.2
Player_240,574,24,475,120.84,23,446,625,8.41,47.88,23.92,0.96,5.7,100.7
Player_241,460,20,359,128.13,17,436,644,8.86,44.25,23.0,0.85,4.6,100.0
Player_242,500,20,352,142.05,14,278,405,8.74,42.5,25.0,0.7,5.0,100.0
Player_243,667,24,439,151.94,22,461,653,8.5,50.71,27.79,0.92,6.7,99.6
Player_244,317,18,233,136.05,19,466,663,8.54,44.0,17.61,1.06,3.2,99.1
Player_245,772,33,565,136.64,23,615,793,7.74,40.82,23.39,0.7,7.7,100.3
Player_246,536,24,404,132.67,22,520,744,8.58,45.25,22.33,0.92,5.4,99.3
Player_247,578,25,453,127.59,19,458,688,9.01,42.12,23.12,0.76,5.8,99.7
Player_248,647,30,471,137.37,16,483,693,8.61,34.9,21.57,0.53,6.5,99.5
Player_249,815,29,639,127.54,21,525,686,7.84,46.21,28.1,0.72,8.2,99.4
Player_25,535,24,409,130.81,20,444,614,8.3,43.12,22.29,0.83,5.4,99.1
Player_250,613,27,478,128.24,22,490,722,8.84,43.07,22.7,0.81,6.1,100.5
Player_251,336,18,278,120.86,23,547,763,8.37,50.61,18.67,1.28,3.4,98.8
Player_252,495,22,373,132.71,15,452,676,8.97,39.55,22.5,0.68,5.0,99.0
Player_253,695,28,536,129.66,18,520,724,8.35,40.89,24.82,0.64,7.0,99.3
Player_254,346,16,277,124.91,9,338,431,7.65,35.69,21.62,0.56,3.5,98.9
Player_255,433,21,346,125.14,22,447,614,8.24,46.81,20.62,1.05,4.3,100.7
Player_256,590,26,463,127.43,10,276,396,8.61,32.31,22.69,0.38,5.9,100.0
Player_257,829,28,574,144.43,11,388,578,8.94,39.43,29.61,0.39,8.3,99.9
Player_258,827,35,644,128.42,17,393,544,8.31,35.77,23.63,0.49,8.3,99.6
Player_259,503,25,382,131.68,15,435,594,8.19,35.12,20.12,0.6,5.0,100.6
Player_26,683,25,481,142.0,14,428,567,7.95,41.32,27.32,0.56,6.8,100.4
Player_260,734,35,561,130.84,15,395,529,8.04,31.69,20.97,0.43,7.3,100.5
Player_261,716,28,541,132.35,8,374,516,8.28,32.71,25.57,0.29,7.2,99.4
Player_262,525,22,386,136.01,26,554,807,8.74,53.41,23.86,1.18,5.2,101.0
Player_263,531,22,381,139.37,17,373,506,8.14,43.45,24.14,0.77,5.3,100.2
Player_264,483,19,346,139.6,17,450,582,7.76,47.79,25.42,0.89,4.8,100.6
Player_265,968,33,691,140.09,23,458,572,7.49,46.76,29.33,0.7,9.7,99.8
Player_266,665,26,498,133.53,11,420,584,8.34,36.15,25.58,0.42,6.6,100.8
Player_267,666,28,502,132.67,15,476,729,9.19,37.18,23.79,0.54,6.7,99.4
Player_268,665,28,564,117.91,16,366,518,8.49,38.04,23.75,0.57,6.6,100.8
Player_269,466,22,332,140.36,10,388,471,7.28,32.55,21.18,0.45,4.7,99.1
Player_27,542,21,441,122.9,18,438,629,8.62,47.24,25.81,0.86,5.4,100.4
Player_270,902,24,642,140.5,17,556,727,7.85,55.29,37.58,0.71,9.0,100.2
Player_271,521,27,408,127.7,20,447,616,8.27,37.81,19.3,0.74,5.2,100.2
Player_272,626,29,474,132.07,14,332,439,7.93,33.66,21.59,0.48,6.3,99.4
Player_273,609,30,452,134.73,16,496,695,8.41,33.63,20.3,0.53,6.1,99.8
Player_274,618,25,508,121.65,17,363,590,9.75,41.72,24.72,0.68,6.2,99.7
Player_275,905,31,653,138.59,29,601,807,8.06,52.58,29.19,0.94,9.0,100.6
Player_276,694,26,489,141.92,14,320,396,7.42,40.15,26.69,0.54,6.9,100.6
Player_277,843,26,606,139.11,18,453,696,9.22,49.73,32.42,0.69,8.4,100.4
Player_278,926,31,672,137.8,16,451,574,7.64,42.77,29.87,0.52,9.3,99.6
Player_279,660,30,506,130.43,24,553,817,8.86,42.0,22.0,0.8,6.6,100.0
Player_28,804,24,510,157.65,17,452,530,7.04,51.21,33.5,0.71,8.0,100.5
Player_280,694,29,526,131.94,15,384,579,9.05,36.86,23.93,0.52,6.9,100.6
Player_281,531,22,422,125.83,14,415,551,7.97,40.05,24.14,0.64,5.3,100.2
Player_282,601,25,460,130.65,18,388,536,8.29,42.04,24.04,0.72,6.0,100.2
Player_283,687,23,522,131.61,13,428,608,8.52,44.0,29.87,0.57,6.9,99.6
Player_284,667,26,445,149.89,15,491,696,8.51,40.08,25.65,0.58,6.7,99.6
Player_285,844,36,665,126.92,16,380,474,7.48,34.56,23.44,0.44,8.4,100.5
Player_286,480,24,373,128.69,21,472,704,8.95,41.88,20.0,0.88,4.8,100.0
Player_287,733,25,554,132.31,12,308,378,7.36,41.32,29.32,0.48,7.3,100.4
Player_288,467,22,327,142.81,18,531,795,8.98,41.68,21.23,0.82,4.7,99.4
Player_289,323,14,249,129.72,12,385,533,8.31,44.5,23.07,0.86,3.2,100.9
Player_29,371,22,331,112.08,19,494,648,7.87,38.45,16.86,0.86,3.7,100.3
Player_290,592,21,417,141.97,17,521,693,7.98,48.43,28.19,0.81,5.9,100.3
Player_291,823,31,571,144.13,22,529,797,9.04,44.29,26.55,0.71,8.2,100.4
Player_292,385,20,277,138.99,16,536,753,8.43,39.25,19.25,0.8,3.8,101.3
Player_293,359,22,268,133.96,27,567,739,7.82,47.0,16.32,1.23,3.6,99.7
Player_294,423,19,338,125.15,14,376,528,8.43,40.68,22.26,0.74,4.2,100.7
Player_295,348,20,265,131.32,16,452,645,8.56,37.4,17.4,0.8,3.5,99.4
Player_296,635,32,478,132.85,23,421,588,8.38,37.81,19.84,0.72,6.4,99.2
Player_297,295,19,241,122.41,19,337,432,7.69,40.53,15.53,1.0,3.0,98.3
Player_298,590,22,455,129.67,13,449,625,8.35,41.59,26.82,0.59,5.9,100.0
Player_299,884,26,642,137.69,22,513,655,7.66,55.15,34.0,0.85,8.8,100.5
Player_3,397,20,329,120.67,21,590,899,9.14,46.1,19.85,1.05,4.0,99.2
Player_30,748,31,547,136.75,20,548,826,9.04,40.26,24.13,0.65,7.5,99.7
Player_300,683,26,532,128.38,13,435,588,8.11,38.77,26.27,0.5,6.8,100.4
Player_301,681,28,534,127.53,19,517,695,8.07,41.29,24.32,0.68,6.8,100.1
Player_302,479,25,376,127.39,13,323,389,7.23,32.16,19.16,0.52,4.8,99.8
Player_303,1246,37,903,137.98,24,521,756,8.71,49.89,33.68,0.65,12.5,99.7
Player_304,495,24,330,150.0,18,392,589,9.02,39.38,20.62,0.75,5.0,99.0
Player_305,700,33,550,127.27,13,327,481,8.83,31.06,21.21,0.39,7.0,100.0
Player_306,689,28,504,136.71,20,618,851,8.26,42.46,24.61,0.71,6.9,99.9
Player_307,546,21,436,125.23,6,448,664,8.89,33.14,26.0,0.29,5.5,99.3
Player_308,613,26,417,147.0,26,417,590,8.49,48.58,23.58,1.0,6.1,100.5
Player_309,555,29,456,121.71,9,385,582,9.07,26.9,19.14,0.31,5.6,99.1
Player_31,573,26,407,140.79,21,433,634,8.79,42.23,22.04,0.81,5.7,100.5
Player_310,545,22,407,133.91,21,443,605,8.19,48.64,24.77,0.95,5.4,100.9
Player_311,462,23,386,119.69,14,567,792,8.38,35.3,20.09,0.61,4.6,100.4
Player_312,824,27,554,148.74,16,304,438,8.64,45.33,30.52,0.59,8.2,100.5
Player_313,652,27,457,142.67,26,455,657,8.66,48.22,24.15,0.96,6.5,100.3
Player_314,527,21,414,127.29,13,334,529,9.5,40.57,25.1,0.62,5.3,99.4
Player_315,362,24,340,106.47,33,637,922,8.68,49.46,15.08,1.38,3.6,100.6
Player_316,450,19,305,147.54,20,412,559,8.14,50.0,23.68,1.05,4.5,100.0
Player_317,502,22,383,131.07,11,327,457,8.39,35.32,22.82,0.5,5.0,100.4
Player_318,441,16,310,142.26,26,466,677,8.72,68.19,27.56,1.62,4.4,100.2
Player_319,737,29,575,128.17,20,447,666,8.94,42.66,25.41,0.69,7.4,99.6
Player_32,652,21,463,140.82,24,450,607,8.09,59.62,31.05,1.14,6.5,100.3
Player_320,544,20,399,136.34,13,349,438,7.53,43.45,27.2,0.65,5.4,100.7
Player_321,432,23,350,123.43,16,403,527,7.85,36.17,18.78,0.7,4.3,100.5
Player_322,491,22,337,145.7,14,311,435,8.39,38.23,22.32,0.64,4.9,100.2
Player_323,485,23,364,133.24,8,509,716,8.44,29.78,21.09,0.35,4.8,101.0
Player_324,623,28,449,138.75,13,446,591,7.95,33.86,22.25,0.46,6.2,100.5
Player_325,451,20,320,140.94,20,540,787,8.74,47.55,22.55,1.0,4.5,100.2
Player_326,675,27,510,132.35,16,296,395,8.01,39.81,25.0,0.59,6.8,99.3
Player_327,384,25,312,123.08,23,532,712,8.03,38.36,15.36,0.92,3.8,101.1
Player_328,728,27,594,122.56,13,279,404,8.69,39.0,26.96,0.48,7.3,99.7
Player_329,678,28,497,136.42,12,225,285,7.6,34.93,24.21,0.43,6.8,99.7
Player_33,587,26,466,125.97,9,236,340,8.64,31.23,22.58,0.35,5.9,99.5
Player_330,924,34,640,144.38,18,596,882,8.88,40.41,27.18,0.53,9.2,100.4
Player_331,671,23,488,137.5,24,525,722,8.25,55.26,29.17,1.04,6.7,100.1
Player_332,817,24,586,139.42,7,311,436,8.41,41.33,34.04,0.29,8.2,99.6
Player_333,529,26,396,133.59,11,341,510,8.97,30.92,20.35,0.42,5.3,99.8
Player_334,667,28,535,124.67,15,500,677,8.12,37.21,23.82,0.54,6.7,99.6
Player_335,841,28,599,140.4,17,384,503,7.86,45.21,30.04,0.61,8.4,100.1
Player_336,714,26,507,140.83,11,407,601,8.86,38.04,27.46,0.42,7.1,100.6
Player_337,448,20,347,129.11,13,324,465,8.61,38.65,22.4,0.65,4.5,99.6
Player_338,763,27,549,138.98,7,303,403,7.98,34.74,28.26,0.26,7.6,100.4
Player_339,921,34,648,142.13,21,542,825,9.13,42.53,27.09,0.62,9.2,100.1
Player_34,490,25,390,125.64,18,512,761,8.92,37.6,19.6,0.72,4.9,100.0
Player_340,469,21,309,151.78,16,270,411,9.13,41.38,22.33,0.76,4.7,99.8
Player_341,585,21,403,145.16,18,383,497,7.79,49.29,27.86,0.86,5.8,100.9
Player_342,454,20,333,136.34,17,418,537,7.71,43.95,22.7,0.85,4.5,100.9
Player_343,491,23,402,122.14,15,448,635,8.5,37.65,21.35,0.65,4.9,100.2
Player_344,408,18,353,115.58,13,330,433,7.87,40.72,22.67,0.72,4.1,99.5
Player_345,667,23,480,138.96,25,598,773,7.76,56.17,29.0,1.09,6.7,99.6
Player_346,670,28,531,126.18,16,380,543,8.57,38.21,23.93,0.57,6.7,100.0
Player_347,421,22,302,139.4,16,434,594,8.21,37.32,19.14,0.73,4.2,100.2
Player_348,628,23,477,131.66,22,388,539,8.34,51.22,27.3,0.96,6.3,99.7
Player_349,697,29,507,137.48,22,459,626,8.18,43.0,24.03,0.76,7.0,99.6
Player_35,525,27,424,123.82,16,450,672,8.96,34.26,19.44,0.59,5.2,101.0
Player_350,902,30,652,138.34,13,359,500,8.36,40.9,30.07,0.43,9.0,100.2
Player_351,520,24,392,132.65,16,404,555,8.24,38.33,21.67,0.67,5.2,100.0
Player_352,570,27,435,131.03,19,404,533,7.92,38.7,21.11,0.7,5.7,100.0
Player_353,669,34,467,143.25,20,642,869,8.12,34.38,19.68,0.59,6.7,99.9
Player_354,596,25,487,122.38,12,403,562,8.37,35.84,23.84,0.48,6.0,99.3
Player_355,926,35,659,140.52,29,469,595,7.61,47.17,26.46,0.83,9.3,99.6
Player_356,603,34,515,117.09,26,589,852,8.68,36.85,17.74,0.76,6.0,100.5
Player_357,503,24,377,133.42,12,330,489,8.89,33.46,20.96,0.5,5.0,100.6
Player_358,639,31,468,136.54,8,422,570,8.1,27.06,20.61,0.26,6.4,99.8
Player_359,514,24,397,129.47,16,490,642,7.86,38.08,21.42,0.67,5.1,100.8
Player_36,252,18,197,127.92,22,455,659,8.69,44.56,14.0,1.22,2.5,100.8
Player_360,638,24,457,139.61,12,516,786,9.14,39.08,26.58,0.5,6.4,99.7
Player_361,315,24,279,112.9,17,416,621,8.96,30.83,13.12,0.71,3.2,98.4
Player_362,415,16,345,120.29,29,596,816,8.21,71.25,25.94,1.81,4.2,98.8
Player_363,531,25,395,134.43,13,449,625,8.35,34.24,21.24,0.52,5.3,100.2
Player_364,742,29,561,132.26,18,307,372,7.27,41.1,25.59,0.62,7.4,100.3
Player_365,413,14,264,156.44,13,313,399,7.65,52.71,29.5,0.93,4.1,100.7
Player_366,494,26,361,136.84,17,348,503,8.67,35.35,19.0,0.65,4.9,100.8
Player_367,380,16,276,137.68,11,465,597,7.7,40.94,23.75,0.69,3.8,100.0
Player_368,744,30,535,139.07,23,577,874,9.09,43.97,24.8,0.77,7.4,100.5
Player_369,779,26,543,143.46,27,438,580,7.95,55.92,29.96,1.04,7.8,99.9
Player_37,464,21,324,143.21,10,397,608,9.19,34.0,22.1,0.48,4.6,100.9
Player_370,619,28,483,128.16,12,433,621,8.61,32.82,22.11,0.43,6.2,99.8
Player_371,600,24,446,134.53,16,552,671,7.29,41.67,25.0,0.67,6.0,100.0
Player_372,491,17,359,136.77,17,407,520,7.67,53.88,28.88,1.0,4.9,100.2
Player_373,523,23,406,128.82,22,488,675,8.3,46.65,22.74,0.96,5.2,100.6
Player_374,456,20,357,127.73,18,363,516,8.53,45.3,22.8,0.9,4.6,99.1
Player_375,626,25,409,153.06,23,444,612,8.27,48.04,25.04,0.92,6.3,99.4
Player_376,376,16,294,127.89,19,525,773,8.83,53.19,23.5,1.19,3.8,98.9
Player_377,576,27,420,137.14,14,341,483,8.5,34.3,21.33,0.52,5.8,99.3
Player_378,452,25,364,124.18,17,427,594,8.35,35.08,18.08,0.68,4.5,100.4
Player_379,537,28,402,133.58,27,502,758,9.06,43.29,19.18,0.96,5.4,99.4
Player_38,542,24,378,143.39,22,435,590,8.14,45.5,22.58,0.92,5.4,100.4
Player_380,572,22,395,144.81,20,518,720,8.34,48.73,26.0,0.91,5.7,100.4
Player_381,511,20,384,133.07,14,520,763,8.8,43.05,25.55,0.7,5.1,100.2
Player_382,772,31,555,139.1,11,458,673,8.82,33.77,24.9,0.35,7.7,100.3
Player_383,510,22,373,136.73,8,336,440,7.86,32.27,23.18,0.36,5.1,100.0
Player_384,841,21,594,141.58,24,635,883,8.34,68.62,40.05,1.14,8.4,100.1
Player_385,447,21,333,134.23,14,349,456,7.84,37.95,21.29,0.67,4.5,99.3
Player_386,519,19,373,139.14,14,324,429,7.94,45.74,27.32,0.74,5.2,99.8
Player_387,500,16,399,125.31,16,396,619,9.38,56.25,31.25,1.0,5.0,100.0
Player_388,340,22,243,139.92,13,303,418,8.28,30.23,15.45,0.59,3.4,100.0
Player_389,731,35,593,123.27,20,349,466,8.01,35.17,20.89,0.57,7.3,100.1
Player_39,636,21,492,129.27,15,474,612,7.75,48.14,30.29,0.71,6.4,99.4
Player_390,589,26,448,131.47,25,440,592,8.07,46.69,22.65,0.96,5.9,99.8
Player_391,502,21,387,129.72,18,540,738,8.2,45.33,23.9,0.86,5.0,100.4
Player_392,289,16,216,133.8,16,324,419,7.76,43.06,18.06,1.0,2.9,99.7
Player_393,834,30,617,135.17,13,299,474,9.51,38.63,27.8,0.43,8.3,100.5
Player_394,529,24,386,137.05,19,488,691,8.5,41.83,22.04,0.79,5.3,99.8
Player_395,264,21,198,133.33,15,366,479,7.85,30.43,12.57,0.71,2.6,101.5
Player_396,439,20,341,128.74,16,386,551,8.56,41.95,21.95,0.8,4.4,99.8
Player_397,548,20,403,135.98,14,309,449,8.72,44.9,27.4,0.7,5.5,99.6
Player_398,668,32,495,134.95,17,374,472,7.57,34.16,20.88,0.53,6.7,99.7
Player_399,613,31,435,140.92,23,505,738,8.77,38.32,19.77,0.74,6.1,100.5
Player_4,295,19,222,132.88,20,447,618,8.3,41.84,15.53,1.05,3.0,98.3
Player_40,641,26,505,126.93,24,466,622,8.01,47.73,24.65,0.92,6.4,100.2
Player_400,437,20,294,148.64,21,528,741,8.42,48.1,21.85,1.05,4.4,99.3
Player_401,939,31,694,135.3,15,373,517,8.32,42.39,30.29,0.48,9.4,99.9
Player_402,1155,39,885,130.51,20,456,615,8.09,42.44,29.62,0.51,11.6,99.6
Player_403,688,26,508,135.43,17,474,643,8.14,42.81,26.46,0.65,6.9,99.7
Player_404,1077,33,857,125.67,21,523,622,7.14,48.55,32.64,0.64,10.8,99.7
Player_405,591,23,442,133.71,14,500,678,8.14,40.91,25.7,0.61,5.9,100.2
Player_406,493,25,369,133.6,16,362,513,8.5,35.72,19.72,0.64,4.9,100.6
Player_407,586,31,427,137.24,25,477,705,8.87,39.06,18.9,0.81,5.9,99.3
Player_408,601,20,422,142.42,12,393,575,8.78,45.05,30.05,0.6,6.0,100.2
Player_409,592,25,441,134.24,28,608,829,8.18,51.68,23.68,1.12,5.9,100.3
Player_41,791,26,559,141.5,20,585,774,7.94,49.65,30.42,0.77,7.9,100.1
Player_410,492,24,382,128.8,14,349,476,8.18,35.08,20.5,0.58,4.9,100.4
Player_411,647,26,453,142.83,29,630,844,8.04,52.77,24.88,1.12,6.5,99.5
Player_412,468,24,366,127.87,14,394,507,7.72,34.08,19.5,0.58,4.7,99.6
Player_413,967,35,665,145.41,24,572,829,8.7,44.77,27.63,0.69,9.7,99.7
Player_414,597,24,431,138.52,14,340,451,7.96,39.46,24.88,0.58,6.0,99.5
Player_415,496,23,394,125.89,15,369,511,8.31,37.87,21.57,0.65,5.0,99.2
Player_416,858,23,605,141.82,5,247,346,8.4,42.74,37.3,0.22,8.6,99.8
Player_417,602,24,407,147.91,20,481,671,8.37,45.92,25.08,0.83,6.0,100.3
Player_418,347,23,263,131.94,18,456,650,8.55,34.65,15.09,0.78,3.5,99.1
Player_419,533,25,419,127.21,23,585,786,8.06,44.32,21.32,0.92,5.3,100.6
Player_42,397,20,357,111.2,16,464,696,9.0,39.85,19.85,0.8,4.0,99.2
Player_420,710,40,532,133.46,15,388,462,7.14,27.12,17.75,0.38,7.1,100.0
Player_421,575,22,401,143.39,11,332,475,8.58,38.64,26.14,0.5,5.8,99.1
Player_422,723,25,563,128.42,10,439,621,8.49,38.92,28.92,0.4,7.2,100.4
Player_423,609,24,446,136.55,18,490,713,8.73,44.12,25.38,0.75,6.1,99.8
Player_424,565,25,399,141.6,11,262,321,7.35,33.6,22.6,0.44,5.6,100.9
Player_425,649,29,484,134.09,11,368,523,8.53,31.86,22.38,0.38,6.5,99.8
Player_426,865,33,605,142.98,26,523,710,8.15,45.91,26.21,0.79,8.6,100.6
Player_427,992,36,754,131.56,9,304,419,8.27,33.81,27.56,0.25,9.9,100.2
Player_428,650,32,524,124.05,32,759,1058,8.36,45.31,20.31,1.0,6.5,100.0
Player_429,456,21,377,120.95,18,455,608,8.02,43.14,21.71,0.86,4.6,99.1
Player_43,496,19,352,140.91,15,426,589,8.3,45.84,26.11,0.79,5.0,99.2
Player_430,490,20,345,142.03,16,286,347,7.28,44.5,24.5,0.8,4.9,100.0
Player_431,413,17,311,132.8,23,549,721,7.88,58.12,24.29,1.35,4.1,100.7
Player_432,725,31,572,126.75,20,455,580,7.65,39.52,23.39,0.65,7.2,100.7
Player_433,506,19,385,131.43,16,442,579,7.86,47.68,26.63,0.84,5.1,99.2
Player_434,745,23,487,152.98,14,326,470,8.65,47.61,32.39,0.61,7.4,100.7
Player_435,594,30,471,126.11,13,568,819,8.65,30.63,19.8,0.43,5.9,100.7
Player_436,658,27,464,141.81,20,490,616,7.54,42.89,24.37,0.74,6.6,99.7
Player_437,584,22,423,138.06,22,522,733,8.43,51.55,26.55,1.0,5.8,100.7
Player_438,523,23,434,120.51,23,578,835,8.67,47.74,22.74,1.0,5.2,100.6
Player_439,363,20,335,108.36,16,462,716,9.3,38.15,18.15,0.8,3.6,100.8
Player_44,584,28,455,128.35,29,661,885,8.03,46.75,20.86,1.04,5.8,100.7
Player_440,249,15,179,139.11,15,609,880,8.67,41.6,16.6,1.0,2.5,99.6
Player_441,749,29,537,139.48,26,549,866,9.46,48.24,25.83,0.9,7.5,99.9
Player_442,646,28,473,136.58,16,542,710,7.86,37.36,23.07,0.57,6.5,99.4
Player_443,741,28,555,133.51,18,486,687,8.48,42.54,26.46,0.64,7.4,100.1
Player_444,800,34,609,131.36,22,580,844,8.73,39.71,23.53,0.65,8.0,100.0
Player_445,589,22,422,139.57,32,523,742,8.51,63.14,26.77,1.45,5.9,99.8
Player_446,398,22,312,127.56,19,310,356,6.89,39.68,18.09,0.86,4.0,99.5
Player_447,1014,36,756,134.13,13,347,501,8.66,37.19,28.17,0.36,10.1,100.4
Player_448,352,21,239,147.28,13,389,515,7.94,32.24,16.76,0.62,3.5,100.6
Player_449,621,26,426,145.77,13,408,576,8.47,36.38,23.88,0.5,6.2,100.2
Player_45,506,22,360,140.56,22,509,706,8.32,48.0,23.0,1.0,5.1,99.2
Player_450,771,29,579,133.16,10,469,683,8.74,35.21,26.59,0.34,7.7,100.1
Player_451,622,26,464,134.05,13,370,536,8.69,36.42,23.92,0.5,6.2,100.3
Player_452,434,18,313,138.66,27,560,825,8.84,61.61,24.11,1.5,4.3,100.9
Player_453,748,31,554,135.02,16,428,571,8.0,37.03,24.13,0.52,7.5,99.7
Player_454,564,20,399,141.35,27,489,656,8.05,61.95,28.2,1.35,5.6,100.7
Player_455,773,35,598,129.26,12,347,456,7.88,30.66,22.09,0.34,7.7,100.4
Player_456,719,37,521,138.0,17,395,544,8.26,30.92,19.43,0.46,7.2,99.9
Player_457,589,26,464,126.94,22,454,667,8.81,43.81,22.65,0.85,5.9,99.8
Player_458,709,29,507,139.84,17,361,449,7.46,39.1,24.45,0.59,7.1,99.9
Player_459,514,26,365,140.82,19,469,703,8.99,38.04,19.77,0.73,5.1,100.8
Player_46,649,28,460,141.09,29,719,865,7.22,49.07,23.18,1.04,6.5,99.8
Player_460,814,31,582,139.86,20,451,538,7.16,42.39,26.26,0.65,8.1,100.5
Player_461,830,34,620,133.87,11,367,546,8.93,32.5,24.41,0.32,8.3,100.0
Player_462,337,16,251,134.26,18,483,681,8.46,49.19,21.06,1.12,3.4,99.1
Player_463,406,23,341,119.06,17,392,599,9.17,36.13,17.65,0.74,4.1,99.0
Player_464,988,36,715,138.18,19,586,837,8.57,40.64,27.44,0.53,9.9,99.8
Player_465,451,27,339,133.04,10,281,410,8.75,25.96,16.7,0.37,4.5,100.2
Player_466,696,27,537,129.61,16,525,760,8.69,40.59,25.78,0.59,7.0,99.4
Player_467,348,19,289,120.42,17,282,389,8.28,40.68,18.32,0.89,3.5,99.4
Player_468,653,28,490,133.27,26,430,592,8.26,46.54,23.32,0.93,6.5,100.5
Player_469,777,28,565,137.52,13,487,693,8.54,39.36,27.75,0.46,7.8,99.6
Player_47,434,23,326,133.13,22,538,712,7.94,42.78,18.87,0.96,4.3,100.9
Player_470,555,26,431,128.77,11,423,604,8.57,31.92,21.35,0.42,5.6,99.1
Player_471,429,27,326,131.6,22,548,728,7.97,36.26,15.89,0.81,4.3,99.8
Player_472,429,29,387,110.85,21,455,606,7.99,32.9,14.79,0.72,4.3,99.8
Player_473,561,25,389,144.22,15,402,552,8.24,37.44,22.44,0.6,5.6,100.2
Player_474,856,31,615,139.19,17,471,675,8.6,41.32,27.61,0.55,8.6,99.5
Player_475,625,19,424,147.41,19,428,640,8.97,57.89,32.89,1.0,6.2,100.8
Player_476,775,28,580,133.62,11,482,596,7.42,37.5,27.68,0.39,7.8,99.4
Player_477,674,33,508,132.68,17,367,438,7.16,33.3,20.42,0.52,6.7,100.6
Player_478,624,21,429,145.45,13,267,382,8.58,45.19,29.71,0.62,6.2,100.6
Player_479,468,22,359,130.36,28,664,939,8.48,53.09,21.27,1.27,4.7,99.6
Player_48,501,27,388,129.12,10,374,522,8.37,27.81,18.56,0.37,5.0,100.2
Player_480,885,31,638,138.71,11,446,610,8.21,37.42,28.55,0.35,8.8,100.6
Player_481,594,25,449,132.29,13,390,523,8.05,36.76,23.76,0.52,5.9,100.7
Player_482,630,19,462,136.36,18,450,693,9.24,56.84,33.16,0.95,6.3,100.0
Player_483,503,22,366,137.43,15,350,471,8.07,39.91,22.86,0.68,5.0,100.6
Player_484,743,27,585,127.01,17,472,630,8.01,43.26,27.52,0.63,7.4,100.4
Player_485,218,16,173,126.01,18,502,723,8.64,41.75,13.62,1.12,2.2,99.1
Player_486,505,21,342,147.66,12,386,494,7.68,38.33,24.05,0.57,5.0,101.0
Player_487,991,34,701,141.37,12,390,488,7.51,37.97,29.15,0.35,9.9,100.1
Player_488,451,21,286,157.69,20,620,880,8.52,45.29,21.48,0.95,4.5,100.2
Player_489,408,21,284,143.66,24,479,679,8.51,48.0,19.43,1.14,4.1,99.5
Player_49,475,19,369,128.73,11,366,504,8.26,39.47,25.0,0.58,4.8,99.0
Player_490,706,22,545,129.54,19,453,603,7.99,53.68,32.09,0.86,7.1,99.4
Player_491,652,23,486,134.16,16,433,587,8.13,45.74,28.35,0.7,6.5,100.3
Player_492,621,23,463,134.13,21,537,765,8.55,49.83,27.0,0.91,6.2,100.2
Player_493,655,24,458,143.01,30,508,760,8.98,58.54,27.29,1.25,6.6,99.2
Player_494,532,20,416,127.88,20,547,795,8.72,51.6,26.6,1.0,5.3,100.4
Player_495,593,25,426,139.2,14,452,642,8.52,37.72,23.72,0.56,5.9,100.5
Player_496,632,28,503,125.65,28,456,619,8.14,47.57,22.57,1.0,6.3,100.3
Player_497,589,28,437,134.78,18,506,705,8.36,37.11,21.04,0.64,5.9,99.8
Player_498,620,29,470,131.91,18,514,662,7.73,36.9,21.38,0.62,6.2,100.0
Player_499,491,22,379,129.55,18,354,401,6.8,42.77,22.32,0.82,4.9,100.2
Player_5,470,20,362,129.83,16,474,732,9.27,43.5,23.5,0.8,4.7,100.0
Player_50,462,23,321,143.93,11,378,533,8.46,32.04,20.09,0.48,4.6,100.4
Player_500,689,23,550,125.27,21,657,952,8.69,52.78,29.96,0.91,6.9,99.9
Player_501,585,21,444,131.76,21,338,452,8.02,52.86,27.86,1.0,5.8,100.9
Player_502,696,22,516,134.88,18,505,702,8.34,52.09,31.64,0.82,7.0,99.4
Player_503,791,31,584,135.45,21,391,572,8.78,42.45,25.52,0.68,7.9,100.1
Player_504,734,26,520,141.15,16,544,773,8.53,43.62,28.23,0.62,7.3,100.5
Player_505,453,21,317,142.9,17,517,738,8.56,41.81,21.57,0.81,4.5,100.7
Player_506,545,24,409,133.25,16,384,541,8.45,39.38,22.71,0.67,5.4,100.9
Player_507,666,31,516,129.07,29,700,931,7.98,44.87,21.48,0.94,6.7,99.4
Player_508,300,23,280,107.14,21,483,672,8.35,35.87,13.04,0.91,3.0,100.0
Player_509,563,22,401,140.4,26,644,819,7.63,55.14,25.59,1.18,5.6,100.5
Player_51,646,28,503,128.43,15,465,663,8.55,36.46,23.07,0.54,6.5,99.4
Player_510,504,16,331,152.27,17,446,631,8.49,58.06,31.5,1.06,5.0,100.8
Player_511,547,24,413,132.45,13,337,439,7.82,36.33,22.79,0.54,5.5,99.5
Player_512,399,21,312,127.88,13,356,502,8.46,34.48,19.0,0.62,4.0,99.8
Player_513,565,26,437,129.29,22,428,623,8.73,42.88,21.73,0.85,5.6,100.9
Player_514,343,11,267,128.46,14,354,520,8.81,63.0,31.18,1.27,3.4,100.9
Player_515,395,20,318,124.21,15,314,486,9.29,38.5,19.75,0.75,4.0,98.8
Player_516,614,32,451,136.14,38,702,930,7.95,48.88,19.19,1.19,6.1,100.7
Player_517,615,24,450,136.67,14,446,580,7.8,40.21,25.62,0.58,6.2,99.2
Player_518,375,15,271,138.38,12,364,546,9.0,45.0,25.0,0.8,3.8,98.7
Player_519,631,26,486,129.84,14,353,472,8.02,37.73,24.27,0.54,6.3,100.2
Player_52,793,26,540,146.85,18,513,653,7.64,47.81,30.5,0.69,7.9,100.4
Player_520,596,30,466,127.9,19,497,651,7.86,35.7,19.87,0.63,6.0,99.3
Player_521,1061,32,739,143.57,26,598,859,8.62,53.47,33.16,0.81,10.6,100.1
Player_522,347,18,303,114.52,17,443,544,7.37,42.89,19.28,0.94,3.5,99.1
Player_523,749,25,515,145.44,16,457,617,8.1,45.96,29.96,0.64,7.5,99.9
Player_524,462,20,380,121.58,25,600,872,8.72,54.35,23.1,1.25,4.6,100.4
Player_525,634,23,482,131.54,25,569,781,8.24,54.74,27.57,1.09,6.3,100.6
Player_526,667,34,521,128.02,12,382,472,7.41,28.44,19.62,0.35,6.7,99.6
Player_527,667,21,476,140.13,12,387,570,8.84,46.05,31.76,0.57,6.7,99.6
Player_528,896,29,658,136.17,20,370,527,8.55,48.14,30.9,0.69,9.0,99.6
Player_529,514,20,355,144.79,14,504,779,9.27,43.2,25.7,0.7,5.1,100.8
Player_53,759,32,610,124.43,15,405,560,8.3,35.44,23.72,0.47,7.6,99.9
Player_530,631,30,447,141.16,20,616,825,8.04,37.7,21.03,0.67,6.3,100.2
Player_531,608,27,455,133.63,15,386,526,8.18,36.41,22.52,0.56,6.1,99.7
Player_532,728,24,571,127.5,15,311,438,8.45,45.96,30.33,0.62,7.3,99.7
Player_533,649,28,491,132.18,23,500,690,8.28,43.71,23.18,0.82,6.5,99.8
Player_534,608,25,421,144.42,17,352,475,8.1,41.32,24.32,0.68,6.1,99.7
Player_535,418,21,310,134.84,16,539,761,8.47,38.95,19.9,0.76,4.2,99.5
Player_536,702,32,618,113.59,21,564,795,8.46,38.34,21.94,0.66,7.0,100.3
Player_537,688,28,493,139.55,19,443,675,9.14,41.54,24.57,0.68,6.9,99.7
Player_538,494,21,382,129.32,11,415,585,8.46,36.62,23.52,0.52,4.9,100.8
Player_539,640,27,549,116.58,14,375,516,8.26,36.67,23.7,0.52,6.4,100.0
Player_54,854,31,599,142.57,30,504,696,8.29,51.74,27.55,0.97,8.5,100.5
Player_540,610,34,494,123.48,17,326,446,8.21,30.44,17.94,0.5,6.1,100.0
Player_541,539,27,428,125.93,22,436,574,7.9,40.33,19.96,0.81,5.4,99.8
Player_542,586,28,458,127.95,21,497,654,7.9,39.68,20.93,0.75,5.9,99.3
Player_543,528,23,426,123.94,25,438,571,7.82,50.13,22.96,1.09,5.3,99.6
Player_544,651,25,480,135.62,31,625,726,6.97,57.04,26.04,1.24,6.5,100.2
Player_545,731,33,512,142.77,12,377,463,7.37,31.24,22.15,0.36,7.3,100.1
Player_546,535,28,438,122.15,24,492,673,8.21,40.54,19.11,0.86,5.4,99.1
Player_547,592,32,497,119.11,24,491,621,7.59,37.25,18.5,0.75,5.9,100.3
Player_548,594,22,423,140.43,13,323,474,8.8,41.77,27.0,0.59,5.9,100.7
Player_549,563,24,366,153.83,17,460,708,9.23,41.17,23.46,0.71,5.6,100.5
Player_55,864,26,626,138.02,20,416,608,8.77,52.46,33.23,0.77,8.6,100.5
Player_550,802,31,563,142.45,16,418,534,7.67,38.77,25.87,0.52,8.0,100.2
Player_551,729,33,561,129.95,17,333,526,9.48,34.97,22.09,0.52,7.3,99.9
Player_552,590,28,478,123.43,22,363,506,8.36,40.71,21.07,0.79,5.9,100.0
Player_553,444,16,327,135.78,15,337,493,8.78,51.19,27.75,0.94,4.4,100.9
Player_554,749,29,604,124.01,8,329,445,8.12,32.72,25.83,0.28,7.5,99.9
Player_555,327,22,266,122.93,12,345,484,8.42,28.5,14.86,0.55,3.3,99.1
Player_556,950,32,677,140.32,15,439,584,7.98,41.41,29.69,0.47,9.5,100.0
Player_557,496,21,361,137.4,23,586,798,8.17,51.0,23.62,1.1,5.0,99.2
Player_558,808,25,553,146.11,14,263,311,7.1,46.32,32.32,0.56,8.1,99.8
Player_559,922,35,679,135.79,16,455,665,8.77,37.77,26.34,0.46,9.2,100.2
Player_56,1199,38,837,143.25,15,495,726,8.8,41.42,31.55,0.39,12.0,99.9
Player_560,583,29,432,134.95,21,521,782,9.01,38.21,20.1,0.72,5.8,100.5
Player_561,678,32,417,162.59,23,583,838,8.62,39.16,21.19,0.72,6.8,99.7
Player_562,533,28,402,132.59,23,615,862,8.41,39.57,19.04,0.82,5.3,100.6
Player_563,727,30,533,136.4,29,561,747,7.99,48.4,24.23,0.97,7.3,99.6
Player_564,666,28,472,141.1,19,585,812,8.33,40.75,23.79,0.68,6.7,99.4
Player_565,765,28,546,140.11,16,487,686,8.45,41.61,27.32,0.57,7.6,100.7
Player_566,437,21,314,139.17,25,684,951,8.34,50.57,20.81,1.19,4.4,99.3
Player_567,436,21,354,123.16,21,517,745,8.65,45.76,20.76,1.0,4.4,99.1
Player_568,823,30,586,140.44,18,513,704,8.23,42.43,27.43,0.6,8.2,100.4
Player_569,427,24,359,118.94,26,603,770,7.66,44.88,17.79,1.08,4.3,99.3
Player_57,677,27,482,140.46,14,425,601,8.48,38.04,25.07,0.52,6.8,99.6
Player_570,719,24,536,134.14,12,381,619,9.75,42.46,29.96,0.5,7.2,99.9
Player_571,429,23,312,137.5,18,393,484,7.39,38.22,18.65,0.78,4.3,99.8
Player_572,915,37,674,135.76,24,493,655,7.97,40.95,24.73,0.65,9.2,99.5
Player_573,559,23,371,150.67,29,534,703,7.9,55.83,24.3,1.26,5.6,99.8
Player_574,661,23,516,128.1,9,462,674,8.75,38.52,28.74,0.39,6.6,100.2
Player_575,488,21,375,130.13,6,305,492,9.68,30.38,23.24,0.29,4.9,99.6
Player_576,757,31,595,127.23,25,441,556,7.56,44.58,24.42,0.81,7.6,99.6
Player_577,295,18,227,129.96,14,483,707,8.78,35.83,16.39,0.78,3.0,98.3
Player_578,729,33,560,130.18,20,471,628,8.0,37.24,22.09,0.61,7.3,99.9
Player_579,710,33,519,136.8,13,427,633,8.89,31.36,21.52,0.39,7.1,100.0
Player_58,680,25,490,138.78,18,590,785,7.98,45.2,27.2,0.72,6.8,100.0
Player_580,535,20,354,151.13,18,486,681,8.41,49.25,26.75,0.9,5.4,99.1
Player_581,608,29,448,135.71,16,510,706,8.31,34.76,20.97,0.55,6.1,99.7
Player_582,936,37,731,128.04,18,414,566,8.2,37.46,25.3,0.49,9.4,99.6
Player_583,808,26,546,147.99,9,325,443,8.18,39.73,31.08,0.35,8.1,99.8
Player_584,863,25,599,144.07,20,519,695,8.03,54.52,34.52,0.8,8.6,100.3
Player_585,452,25,331,136.56,29,546,808,8.88,47.08,18.08,1.16,4.5,100.4
Player_586,489,23,387,126.36,23,465,668,8.62,46.26,21.26,1.0,4.9,99.8
Player_587,764,27,552,138.41,17,357,479,8.05,44.04,28.3,0.63,7.6,100.5
Player_588,826,27,564,146.45,29,512,747,8.75,57.44,30.59,1.07,8.3,99.5
Player_589,955,33,685,139.42,16,397,566,8.55,41.06,28.94,0.48,9.6,99.5
Player_59,676,34,551,122.69,17,458,639,8.37,32.38,19.88,0.5,6.8,99.4
Player_590,394,18,310,127.1,20,529,731,8.29,49.67,21.89,1.11,3.9,101.0
Player_591,798,31,589,135.48,12,415,620,8.96,35.42,25.74,0.39,8.0,99.8
Player_592,633,26,457,138.51,24,560,737,7.9,47.42,24.35,0.92,6.3,100.5
Player_593,889,27,610,145.74,13,449,688,9.19,44.96,32.93,0.48,8.9,99.9
Player_594,589,19,413,142.62,8,308,432,8.42,41.53,31.0,0.42,5.9,99.8
Player_595,399,20,310,128.71,17,298,438,8.82,41.2,19.95,0.85,4.0,99.8
Player_596,486,18,377,128.91,26,548,764,8.36,63.11,27.0,1.44,4.9,99.2
Player_597,492,20,359,137.05,24,438,659,9.03,54.6,24.6,1.2,4.9,100.4
Player_598,661,18,471,140.34,31,493,669,8.14,79.78,36.72,1.72,6.6,100.2
Player_599,838,26,582,143.99,22,563,724,7.72,53.38,32.23,0.85,8.4,99.8
Player_6,650,21,468,138.89,11,346,471,8.17,44.05,30.95,0.52,6.5,100.0
Player_60,702,30,563,124.69,7,355,526,8.89,29.23,23.4,0.23,7.0,100.3
Player_61,620,27,484,128.1,20,536,772,8.64,41.48,22.96,0.74,6.2,100.0
Player_62,315,22,261,120.69,26,642,891,8.33,43.86,14.32,1.18,3.2,98.4
Player_63,492,28,386,127.46,15,341,507,8.92,30.96,17.57,0.54,4.9,100.4
Player_64,431,19,321,134.27,16,388,480,7.42,43.74,22.68,0.84,4.3,100.2
Player_65,430,26,385,111.69,17,336,445,7.95,32.88,16.54,0.65,4.3,100.0
Player_66,676,27,527,128.27,17,442,575,7.81,40.78,25.04,0.63,6.8,99.4
Player_67,440,22,340,129.41,21,428,550,7.71,43.86,20.0,0.95,4.4,100.0
Player_68,499,31,415,120.24,24,696,952,8.21,35.45,16.1,0.77,5.0,99.8
Player_69,377,16,301,125.25,18,516,716,8.33,51.69,23.56,1.12,3.8,99.2
Player_7,606,23,430,140.93,23,410,554,8.11,51.35,26.35,1.0,6.1,99.3
Player_70,693,31,503,137.77,16,474,648,8.2,35.26,22.35,0.52,6.9,100.4
Player_71,689,21,544,126.65,19,435,578,7.97,55.43,32.81,0.9,6.9,99.9
Player_72,451,18,329,137.08,16,312,384,7.38,47.28,25.06,0.89,4.5,100.2
Player_73,609,24,455,133.85,32,648,902,8.35,58.71,25.38,1.33,6.1,99.8
Player_74,591,31,412,143.45,13,414,618,8.96,29.55,19.06,0.42,5.9,100.2
Player_75,764,26,543,140.7,17,303,353,6.99,45.73,29.38,0.65,7.6,100.5
Player_76,512,20,347,147.55,17,394,540,8.22,46.85,25.6,0.85,5.1,100.4
Player_77,560,19,388,144.33,18,451,610,8.12,53.16,29.47,0.95,5.6,100.0
Player_78,572,22,448,127.68,22,623,841,8.1,51.0,26.0,1.0,5.7,100.4
Player_79,359,21,297,120.88,11,382,510,8.01,30.19,17.1,0.52,3.6,99.7
Player_8,689,26,530,130.0,16,396,609,9.23,41.88,26.5,0.62,6.9,99.9
Player_80,648,27,481,134.72,27,535,745,8.36,49.0,24.0,1.0,6.5,99.7
Player_81,543,25,407,133.42,17,443,610,8.26,38.72,21.72,0.68,5.4,100.6
Player_82,326,23,246,132.52,15,283,363,7.7,30.48,14.17,0.65,3.3,98.8
Player_83,616,31,489,125.97,15,515,695,8.1,31.97,19.87,0.48,6.2,99.4
Player_84,662,26,498,132.93,18,442,621,8.43,42.77,25.46,0.69,6.6,100.3
Player_85,759,25,519,146.24,12,376,526,8.39,42.36,30.36,0.48,7.6,99.9
Player_86,669,30,430,155.58,8,255,319,7.51,28.97,22.3,0.27,6.7,99.9
Player_87,545,32,401,135.91,18,550,769,8.39,31.09,17.03,0.56,5.4,100.9
Player_88,320,14,234,136.75,18,308,453,8.82,55.0,22.86,1.29,3.2,100.0
Player_89,395,19,312,126.6,19,369,507,8.24,45.79,20.79,1.0,4.0,98.8
Player_9,942,36,651,144.7,10,445,631,8.51,33.11,26.17,0.28,9.4,100.2
Player_90,768,28,598,128.43,10,370,493,7.99,36.36,27.43,0.36,7.7,99.7
Player_91,572,24,422,135.55,21,477,638,8.03,45.71,23.83,0.88,5.7,100.4
Player_92,708,29,529,133.84,29,493,662,8.06,49.41,24.41,1.0,7.1,99.7
Player_93,444,18,349,127.22,22,345,531,9.23,55.22,24.67,1.22,4.4,100.9
Player_94,693,25,486,142.59,19,630,907,8.64,46.72,27.72,0.76,6.9,100.4
Player_95,741,27,558,132.8,19,507,716,8.47,45.04,27.44,0.7,7.4,100.1
Player_96,184,11,134,137.31,20,418,612,8.78,62.18,16.73,1.82,1.8,102.2
Player_97,618,24,523,118.16,23,564,751,7.99,49.71,25.75,0.96,6.2,99.7
Player_98,460,23,342,134.5,21,522,776,8.92,42.83,20.0,0.91,4.6,100.0
Player_99,527,21,361,145.98,9,264,386,8.77,35.81,25.1,0.43,5.3,99.4
